sample_id,candidate_group,review_status,include_in_analysis
IMG-0000,清代姑苏版画（候选，待确认）,pending_metadata_review,false
IMG-0001,清代姑苏版画（候选，待确认）,pending_metadata_review,false
IMG-0002,清代姑苏版画（候选，待确认）,pending_metadata_review,false
IMG-0003,清代姑苏版画（候选，待确认）,pending_metadata_review,false
IMG-0004,清代姑苏版画（候选，待确认）,pending_metadata_review,false
IMG-0005,清代姑苏版画（候选，待确认）,pending_metadata_review,false
IMG-0006,清代姑苏版画（候选，待确认）,pending_metadata_review,false
IMG-0007,清代姑苏版画（候选，待确认）,pending_metadata_review,false
IMG-0008,清代姑苏版画（候选，待确认）,pending_metadata_review,false
IMG-0009,清代姑苏版画（候选，待确认）,pending_metadata_review,false
IMG-0010,清代姑苏版画（候选，待确认）,pending_metadata_review,false
IMG-0011,清代姑苏版画（候选，待确认）,pending_metadata_review,false
IMG-0012,清代姑苏版画（候选，待确认）,pending_metadata_review,false
IMG-0013,清代姑苏版画（候选，待确认）,pending_metadata_review,false
IMG-0014,清代姑苏版画（候选，待确认）,pending_metadata_review,false
IMG-0015,清代姑苏版画（候选，待确认）,pending_metadata_review,false
IMG-0016,清代姑苏版画（候选，待确认）,pending_metadata_review,false
IMG-0017,清代姑苏版画（候选，待确认）,pending_metadata_review,false
IMG-0018,清代姑苏版画（候选，待确认）,pending_metadata_review,false
IMG-0019,清代姑苏版画（候选，待确认）,pending_metadata_review,false
IMG-0020,清代姑苏版画（候选，待确认）,pending_metadata_review,false
IMG-0021,清代姑苏版画（候选，待确认）,pending_metadata_review,false
IMG-0022,清代姑苏版画（候选，待确认）,pending_metadata_review,false
IMG-0023,清代姑苏版画（候选，待确认）,pending_metadata_review,false
IMG-0024,清代姑苏版画（候选，待确认）,pending_metadata_review,false
IMG-0025,清代姑苏版画（候选，待确认）,pending_metadata_review,false
IMG-0026,清代姑苏版画（候选，待确认）,pending_metadata_review,false
IMG-0027,清代姑苏版画（候选，待确认）,pending_metadata_review,false
IMG-0028,清代姑苏版画（候选，待确认）,pending_metadata_review,false
IMG-0029,清代姑苏版画（候选，待确认）,pending_metadata_review,false
IMG-0030,清代姑苏版画（候选，待确认）,pending_metadata_review,false
IMG-0031,清代姑苏版画（候选，待确认）,pending_metadata_review,false
IMG-0032,清代姑苏版画（候选，待确认）,pending_metadata_review,false
IMG-0033,清代姑苏版画（候选，待确认）,pending_metadata_review,false
IMG-0034,清代姑苏版画（候选，待确认）,pending_metadata_review,false
IMG-0035,清代姑苏版画（候选，待确认）,pending_metadata_review,false
IMG-0036,清代姑苏版画（候选，待确认）,pending_metadata_review,false
IMG-0037,清代姑苏版画（候选，待确认）,pending_metadata_review,false
IMG-0038,清代姑苏版画（候选，待确认）,pending_metadata_review,false
IMG-0039,清代姑苏版画（候选，待确认）,pending_metadata_review,false
IMG-0040,清代姑苏版画（候选，待确认）,pending_metadata_review,false
IMG-0041,清代姑苏版画（候选，待确认）,pending_metadata_review,false
IMG-0042,清代姑苏版画（候选，待确认）,pending_metadata_review,false
IMG-0043,清代姑苏版画（候选，待确认）,pending_metadata_review,false
IMG-0044,清代姑苏版画（候选，待确认）,pending_metadata_review,false
IMG-0045,清代姑苏版画（候选，待确认）,pending_metadata_review,false
IMG-0046,清代姑苏版画（候选，待确认）,pending_metadata_review,false
IMG-0047,清代姑苏版画（候选，待确认）,pending_metadata_review,false
IMG-0048,清代姑苏版画（候选，待确认）,pending_metadata_review,false
IMG-0049,清代姑苏版画（候选，待确认）,pending_metadata_review,false
IMG-0050,清代姑苏版画（候选，待确认）,pending_metadata_review,false
IMG-0051,清代姑苏版画（候选，待确认）,pending_metadata_review,false
IMG-0052,清代姑苏版画（候选，待确认）,pending_metadata_review,false
IMG-0053,清代姑苏版画（候选，待确认）,pending_metadata_review,false
IMG-0054,清代姑苏版画（候选，待确认）,pending_metadata_review,false
IMG-0055,清代姑苏版画（候选，待确认）,pending_metadata_review,false
IMG-0056,清代姑苏版画（候选，待确认）,pending_metadata_review,false
IMG-0057,清代姑苏版画（候选，待确认）,pending_metadata_review,false
IMG-0058,清代姑苏版画（候选，待确认）,pending_metadata_review,false
IMG-0059,清代姑苏版画（候选，待确认）,pending_metadata_review,false
IMG-0060,清代姑苏版画（候选，待确认）,pending_metadata_review,false
IMG-0061,清代姑苏版画（候选，待确认）,pending_metadata_review,false
IMG-0062,清代姑苏版画（候选，待确认）,pending_metadata_review,false
IMG-0063,清代姑苏版画（候选，待确认）,pending_metadata_review,false
IMG-0064,清代姑苏版画（候选，待确认）,pending_metadata_review,false
IMG-0065,清代姑苏版画（候选，待确认）,pending_metadata_review,false
IMG-0066,清代姑苏版画（候选，待确认）,pending_metadata_review,false
IMG-0067,清代姑苏版画（候选，待确认）,pending_metadata_review,false
IMG-0068,清代姑苏版画（候选，待确认）,pending_metadata_review,false
IMG-0069,清代姑苏版画（候选，待确认）,pending_metadata_review,false
IMG-0070,清代姑苏版画（候选，待确认）,pending_metadata_review,false
IMG-0071,清代姑苏版画（候选，待确认）,pending_metadata_review,false
IMG-0072,清代姑苏版画（候选，待确认）,pending_metadata_review,false
IMG-0073,清代姑苏版画（候选，待确认）,pending_metadata_review,false
IMG-0074,清代姑苏版画（候选，待确认）,pending_metadata_review,false
IMG-0075,清代姑苏版画（候选，待确认）,pending_metadata_review,false
IMG-0076,清代姑苏版画（候选，待确认）,pending_metadata_review,false
IMG-0077,清代姑苏版画（候选，待确认）,pending_metadata_review,false
IMG-0078,清代姑苏版画（候选，待确认）,pending_metadata_review,false
IMG-0079,清代姑苏版画（候选，待确认）,pending_metadata_review,false
IMG-0080,清代姑苏版画（候选，待确认）,pending_metadata_review,false
IMG-0081,清代姑苏版画（候选，待确认）,pending_metadata_review,false
IMG-0082,清代姑苏版画（候选，待确认）,pending_metadata_review,false
IMG-0083,清代姑苏版画（候选，待确认）,pending_metadata_review,false
IMG-0084,清代姑苏版画（候选，待确认）,pending_metadata_review,false
IMG-0085,清代姑苏版画（候选，待确认）,pending_metadata_review,false
IMG-0086,清代姑苏版画（候选，待确认）,pending_metadata_review,false
IMG-0087,清代姑苏版画（候选，待确认）,pending_metadata_review,false
IMG-0088,清代姑苏版画（候选，待确认）,pending_metadata_review,false
IMG-0089,清代姑苏版画（候选，待确认）,pending_metadata_review,false
IMG-0090,清代姑苏版画（候选，待确认）,pending_metadata_review,false
IMG-0091,清代姑苏版画（候选，待确认）,pending_metadata_review,false
IMG-0092,清代姑苏版画（候选，待确认）,pending_metadata_review,false
IMG-0093,清代姑苏版画（候选，待确认）,pending_metadata_review,false
IMG-0094,清代姑苏版画（候选，待确认）,pending_metadata_review,false
IMG-0095,清代姑苏版画（候选，待确认）,pending_metadata_review,false
IMG-0096,清代姑苏版画（候选，待确认）,pending_metadata_review,false
IMG-0097,清代姑苏版画（候选，待确认）,pending_metadata_review,false
IMG-0098,清代姑苏版画（候选，待确认）,pending_metadata_review,false
IMG-0099,清代姑苏版画（候选，待确认）,pending_metadata_review,false
IMG-0100,清代姑苏版画（候选，待确认）,pending_metadata_review,false
IMG-0101,清代姑苏版画（候选，待确认）,pending_metadata_review,false
IMG-0102,清代姑苏版画（候选，待确认）,pending_metadata_review,false
IMG-0103,清代姑苏版画（候选，待确认）,pending_metadata_review,false
IMG-0104,清代姑苏版画（候选，待确认）,pending_metadata_review,false
IMG-0105,清代姑苏版画（候选，待确认）,pending_metadata_review,false
IMG-0106,清代姑苏版画（候选，待确认）,pending_metadata_review,false
IMG-0107,清代姑苏版画（候选，待确认）,pending_metadata_review,false
IMG-0108,清代姑苏版画（候选，待确认）,pending_metadata_review,false
IMG-0109,清代姑苏版画（候选，待确认）,pending_metadata_review,false
IMG-0110,清代姑苏版画（候选，待确认）,pending_metadata_review,false
IMG-0111,清代姑苏版画（候选，待确认）,pending_metadata_review,false
IMG-0112,清代姑苏版画（候选，待确认）,pending_metadata_review,false
IMG-0113,清代姑苏版画（候选，待确认）,pending_metadata_review,false
IMG-0114,清代姑苏版画（候选，待确认）,pending_metadata_review,false
IMG-0115,清代姑苏版画（候选，待确认）,pending_metadata_review,false
IMG-0116,清代姑苏版画（候选，待确认）,priority_source_trace_review,false
IMG-0117,清代姑苏版画（候选，待确认）,pending_metadata_review,false
IMG-0118,清代姑苏版画（候选，待确认）,pending_metadata_review,false
IMG-0119,清代姑苏版画（候选，待确认）,pending_metadata_review,false
IMG-0120,清代姑苏版画（候选，待确认）,priority_source_trace_review,false
IMG-0121,清代姑苏版画（候选，待确认）,pending_metadata_review,false
IMG-0122,清代姑苏版画（候选，待确认）,pending_metadata_review,false
IMG-0123,清代姑苏版画（候选，待确认）,pending_metadata_review,false
IMG-0124,清代姑苏版画（候选，待确认）,pending_metadata_review,false
IMG-0125,清代姑苏版画（候选，待确认）,pending_metadata_review,false
IMG-0126,清代姑苏版画（候选，待确认）,pending_metadata_review,false
IMG-0127,清代姑苏版画（候选，待确认）,pending_metadata_review,false
IMG-0128,清代姑苏版画（候选，待确认）,pending_metadata_review,false
IMG-0129,清代姑苏版画（候选，待确认）,pending_metadata_review,false
IMG-0130,清代姑苏版画（候选，待确认）,pending_metadata_review,false
IMG-0131,清代姑苏版画（候选，待确认）,pending_metadata_review,false
IMG-0132,清代姑苏版画（候选，待确认）,pending_metadata_review,false
IMG-0133,清代姑苏版画（候选，待确认）,pending_metadata_review,false
IMG-0134,清代姑苏版画（候选，待确认）,pending_metadata_review,false
IMG-0135,清代姑苏版画（候选，待确认）,pending_metadata_review,false
IMG-0136,清代姑苏版画（候选，待确认）,pending_metadata_review,false
IMG-0137,清代姑苏版画（候选，待确认）,pending_metadata_review,false
IMG-0138,清代姑苏版画（候选，待确认）,pending_metadata_review,false
IMG-0139,清代姑苏版画（候选，待确认）,pending_metadata_review,false
IMG-0140,清代姑苏版画（候选，待确认）,pending_metadata_review,false
IMG-0141,清代姑苏版画（候选，待确认）,pending_metadata_review,false
IMG-0142,清代姑苏版画（候选，待确认）,pending_metadata_review,false
IMG-0143,清代姑苏版画（候选，待确认）,pending_metadata_review,false
IMG-0144,清代姑苏版画（候选，待确认）,pending_metadata_review,false
IMG-0145,清代姑苏版画（候选，待确认）,pending_metadata_review,false
IMG-0146,清代姑苏版画（候选，待确认）,pending_metadata_review,false
IMG-0147,清代姑苏版画（候选，待确认）,priority_era_group_conflict_review,false
IMG-0148,清代姑苏版画（候选，待确认）,pending_metadata_review,false
IMG-0149,清代姑苏版画（候选，待确认）,pending_metadata_review,false
IMG-0150,清代姑苏版画（候选，待确认）,pending_metadata_review,false
IMG-0151,清代姑苏版画（候选，待确认）,pending_metadata_review,false
IMG-0152,清代姑苏版画（候选，待确认）,pending_metadata_review,false
IMG-0153,清代姑苏版画（候选，待确认）,pending_metadata_review,false
IMG-0154,清代姑苏版画（候选，待确认）,pending_metadata_review,false
IMG-0155,清代姑苏版画（候选，待确认）,pending_metadata_review,false
IMG-0156,清代姑苏版画（候选，待确认）,pending_metadata_review,false
IMG-0157,清代姑苏版画（候选，待确认）,pending_metadata_review,false
IMG-0158,清代姑苏版画（候选，待确认）,pending_metadata_review,false
IMG-0159,清代姑苏版画（候选，待确认）,pending_metadata_review,false
IMG-0160,清代姑苏版画（候选，待确认）,pending_metadata_review,false
IMG-0161,清代姑苏版画（候选，待确认）,pending_metadata_review,false
IMG-0162,清代姑苏版画（候选，待确认）,pending_metadata_review,false
IMG-0163,清代姑苏版画（候选，待确认）,pending_metadata_review,false
IMG-0164,清代姑苏版画（候选，待确认）,pending_metadata_review,false
IMG-0165,清代姑苏版画（候选，待确认）,pending_metadata_review,false
IMG-0166,清代姑苏版画（候选，待确认）,pending_metadata_review,false
IMG-0167,清代姑苏版画（候选，待确认）,pending_metadata_review,false
IMG-0168,清代姑苏版画（候选，待确认）,pending_metadata_review,false
IMG-0169,清代姑苏版画（候选，待确认）,pending_metadata_review,false
IMG-0170,清代姑苏版画（候选，待确认）,pending_metadata_review,false
IMG-0171,清代姑苏版画（候选，待确认）,priority_era_group_conflict_review,false
IMG-0172,清代姑苏版画（候选，待确认）,pending_metadata_review,false
IMG-0173,清代姑苏版画（候选，待确认）,pending_metadata_review,false
IMG-0174,清代姑苏版画（候选，待确认）,pending_metadata_review,false
IMG-0175,清代姑苏版画（候选，待确认）,pending_metadata_review,false
IMG-0176,清代姑苏版画（候选，待确认）,pending_metadata_review,false
IMG-0177,清代姑苏版画（候选，待确认）,pending_metadata_review,false
IMG-0178,清代姑苏版画（候选，待确认）,pending_metadata_review,false
IMG-0179,清代姑苏版画（候选，待确认）,pending_metadata_review,false
IMG-0180,清代姑苏版画（候选，待确认）,pending_metadata_review,false
IMG-0181,清代姑苏版画（候选，待确认）,pending_metadata_review,false
IMG-0182,清代姑苏版画（候选，待确认）,pending_metadata_review,false
IMG-0183,清代姑苏版画（候选，待确认）,pending_metadata_review,false
IMG-0184,清代姑苏版画（候选，待确认）,pending_metadata_review,false
IMG-0185,清代姑苏版画（候选，待确认）,pending_metadata_review,false
IMG-0186,清代姑苏版画（候选，待确认）,pending_metadata_review,false
IMG-0187,清代姑苏版画（候选，待确认）,pending_metadata_review,false
IMG-0188,清代姑苏版画（候选，待确认）,pending_metadata_review,false
IMG-0189,清代姑苏版画（候选，待确认）,pending_metadata_review,false
IMG-0190,清代姑苏版画（候选，待确认）,pending_metadata_review,false
IMG-0191,清代姑苏版画（候选，待确认）,pending_metadata_review,false
IMG-0192,清代姑苏版画（候选，待确认）,pending_metadata_review,false
IMG-0193,清代姑苏版画（候选，待确认）,pending_metadata_review,false
IMG-0194,清代姑苏版画（候选，待确认）,pending_metadata_review,false
IMG-0195,清代姑苏版画（候选，待确认）,pending_metadata_review,false
IMG-0196,清代姑苏版画（候选，待确认）,pending_metadata_review,false
IMG-0197,清代姑苏版画（候选，待确认）,pending_metadata_review,false
IMG-0198,清代姑苏版画（候选，待确认）,pending_metadata_review,false
IMG-0199,清代姑苏版画（候选，待确认）,pending_metadata_review,false
IMG-0200,清代姑苏版画（候选，待确认）,pending_metadata_review,false
IMG-0201,清代姑苏版画（候选，待确认）,pending_metadata_review,false
IMG-0202,清代姑苏版画（候选，待确认）,pending_metadata_review,false
IMG-0203,清代姑苏版画（候选，待确认）,pending_metadata_review,false
IMG-0204,清代姑苏版画（候选，待确认）,pending_metadata_review,false
IMG-0205,清代姑苏版画（候选，待确认）,pending_metadata_review,false
IMG-0206,清代姑苏版画（候选，待确认）,pending_metadata_review,false
IMG-0207,清代姑苏版画（候选，待确认）,pending_metadata_review,false
IMG-0208,清代姑苏版画（候选，待确认）,pending_metadata_review,false
IMG-0209,清代姑苏版画（候选，待确认）,pending_metadata_review,false
IMG-0210,清代姑苏版画（候选，待确认）,pending_metadata_review,false
IMG-0211,清代姑苏版画（候选，待确认）,pending_metadata_review,false
IMG-0212,清代姑苏版画（候选，待确认）,pending_metadata_review,false
IMG-0213,清代姑苏版画（候选，待确认）,pending_metadata_review,false
IMG-0214,清代姑苏版画（候选，待确认）,pending_metadata_review,false
IMG-0215,清代姑苏版画（候选，待确认）,pending_metadata_review,false
IMG-0216,清代姑苏版画（候选，待确认）,pending_metadata_review,false
IMG-0217,清代姑苏版画（候选，待确认）,pending_metadata_review,false
IMG-0218,清代姑苏版画（候选，待确认）,pending_metadata_review,false
IMG-0219,清代姑苏版画（候选，待确认）,pending_metadata_review,false
IMG-0220,清代姑苏版画（候选，待确认）,pending_metadata_review,false
IMG-0221,清代姑苏版画（候选，待确认）,pending_metadata_review,false
IMG-0222,清代姑苏版画（候选，待确认）,pending_metadata_review,false
IMG-0223,清代姑苏版画（候选，待确认）,pending_metadata_review,false
IMG-0224,清代姑苏版画（候选，待确认）,pending_metadata_review,false
IMG-0225,清代姑苏版画（候选，待确认）,pending_metadata_review,false
IMG-0226,清代姑苏版画（候选，待确认）,pending_metadata_review,false
IMG-0227,清代姑苏版画（候选，待确认）,pending_metadata_review,false
IMG-0228,清代姑苏版画（候选，待确认）,pending_metadata_review,false
IMG-0229,清代姑苏版画（候选，待确认）,pending_metadata_review,false
IMG-0230,清代姑苏版画（候选，待确认）,pending_metadata_review,false
IMG-0231,清代姑苏版画（候选，待确认）,pending_metadata_review,false
IMG-0232,清代姑苏版画（候选，待确认）,pending_metadata_review,false
IMG-0233,清代姑苏版画（候选，待确认）,pending_metadata_review,false
IMG-0234,清代姑苏版画（候选，待确认）,pending_metadata_review,false
IMG-0235,清代姑苏版画（候选，待确认）,priority_source_trace_review,false
IMG-0236,清代姑苏版画（候选，待确认）,priority_source_trace_review,false
IMG-0237,清代姑苏版画（候选，待确认）,priority_source_trace_review,false
IMG-0238,清代姑苏版画（候选，待确认）,priority_source_trace_review,false
IMG-0239,清代姑苏版画（候选，待确认）,priority_source_trace_review,false
IMG-0240,清代姑苏版画（候选，待确认）,priority_source_trace_review,false
IMG-0241,清代姑苏版画（候选，待确认）,priority_source_trace_review,false
IMG-0242,清代姑苏版画（候选，待确认）,priority_source_trace_review,false
IMG-0243,清代姑苏版画（候选，待确认）,priority_source_trace_review,false
IMG-0244,清代姑苏版画（候选，待确认）,priority_source_trace_review,false
IMG-0245,清代姑苏版画（候选，待确认）,priority_source_trace_review,false
IMG-0246,清代姑苏版画（候选，待确认）,priority_source_trace_review,false
IMG-0247,清代姑苏版画（候选，待确认）,pending_metadata_review,false
IMG-0248,清代姑苏版画（候选，待确认）,pending_metadata_review,false
IMG-0249,清代姑苏版画（候选，待确认）,pending_metadata_review,false
IMG-0250,清代姑苏版画（候选，待确认）,pending_metadata_review,false
IMG-0251,清代姑苏版画（候选，待确认）,pending_metadata_review,false
IMG-0252,清代姑苏版画（候选，待确认）,pending_metadata_review,false
IMG-0253,清代姑苏版画（候选，待确认）,pending_metadata_review,false
IMG-0254,清代姑苏版画（候选，待确认）,pending_metadata_review,false
IMG-0255,清代姑苏版画（候选，待确认）,pending_metadata_review,false
IMG-0256,清代姑苏版画（候选，待确认）,pending_metadata_review,false
IMG-0257,清代姑苏版画（候选，待确认）,pending_metadata_review,false
IMG-0258,清代姑苏版画（候选，待确认）,pending_metadata_review,false
IMG-0259,清代姑苏版画（候选，待确认）,pending_metadata_review,false
IMG-0260,清代姑苏版画（候选，待确认）,pending_metadata_review,false
IMG-0261,清代姑苏版画（候选，待确认）,pending_metadata_review,false
IMG-0262,清代姑苏版画（候选，待确认）,pending_metadata_review,false
IMG-0263,清代姑苏版画（候选，待确认）,pending_metadata_review,false
IMG-0264,清代姑苏版画（候选，待确认）,pending_metadata_review,false
IMG-0265,清代姑苏版画（候选，待确认）,pending_metadata_review,false
IMG-0266,清代姑苏版画（候选，待确认）,pending_metadata_review,false
IMG-0267,清代姑苏版画（候选，待确认）,pending_metadata_review,false
IMG-0268,清代姑苏版画（候选，待确认）,pending_metadata_review,false
IMG-0269,清代姑苏版画（候选，待确认）,pending_metadata_review,false
IMG-0270,清代姑苏版画（候选，待确认）,pending_metadata_review,false
IMG-0271,清代姑苏版画（候选，待确认）,pending_metadata_review,false
IMG-0272,清代姑苏版画（候选，待确认）,pending_metadata_review,false
IMG-0273,清代姑苏版画（候选，待确认）,pending_metadata_review,false
IMG-0274,清代姑苏版画（候选，待确认）,pending_metadata_review,false
IMG-0275,清代姑苏版画（候选，待确认）,priority_series_unit_review,false
IMG-0276,清代姑苏版画（候选，待确认）,priority_series_unit_review,false
IMG-0277,清代姑苏版画（候选，待确认）,priority_series_unit_review,false
IMG-0278,清代姑苏版画（候选，待确认）,priority_series_unit_review,false
IMG-0279,清代姑苏版画（候选，待确认）,pending_metadata_review,false
IMG-0280,清代姑苏版画（候选，待确认）,pending_metadata_review,false
IMG-0281,清代姑苏版画（候选，待确认）,pending_metadata_review,false
IMG-0282,清代姑苏版画（候选，待确认）,pending_metadata_review,false
IMG-0283,清代姑苏版画（候选，待确认）,pending_metadata_review,false
IMG-0284,清代姑苏版画（候选，待确认）,pending_metadata_review,false
IMG-0285,清代姑苏版画（候选，待确认）,pending_metadata_review,false
IMG-0286,清代姑苏版画（候选，待确认）,priority_series_unit_review,false
IMG-0287,清代姑苏版画（候选，待确认）,priority_series_unit_review,false
IMG-0288,清代姑苏版画（候选，待确认）,pending_metadata_review,false
IMG-0289,清代姑苏版画（候选，待确认）,pending_metadata_review,false
IMG-0290,清代姑苏版画（候选，待确认）,pending_metadata_review,false
IMG-0291,清代姑苏版画（候选，待确认）,pending_metadata_review,false
IMG-0292,清代姑苏版画（候选，待确认）,priority_series_unit_review,false
IMG-0293,清代姑苏版画（候选，待确认）,pending_metadata_review,false
IMG-0294,清代姑苏版画（候选，待确认）,pending_metadata_review,false
IMG-0295,清代姑苏版画（候选，待确认）,priority_series_unit_review,false
IMG-0296,清代姑苏版画（候选，待确认）,pending_metadata_review,false
IMG-0297,清代姑苏版画（候选，待确认）,pending_metadata_review,false
IMG-0298,清代姑苏版画（候选，待确认）,priority_series_unit_review,false
IMG-0299,清代姑苏版画（候选，待确认）,pending_metadata_review,false
IMG-0300,清代姑苏版画（候选，待确认）,pending_metadata_review,false
IMG-0301,清代姑苏版画（候选，待确认）,priority_series_unit_review,false
IMG-0302,清代姑苏版画（候选，待确认）,pending_metadata_review,false
IMG-0303,清代姑苏版画（候选，待确认）,pending_metadata_review,false
IMG-0304,清代姑苏版画（候选，待确认）,pending_metadata_review,false
IMG-0305,清代姑苏版画（候选，待确认）,pending_metadata_review,false
IMG-0306,清代姑苏版画（候选，待确认）,pending_metadata_review,false
IMG-0307,清代姑苏版画（候选，待确认）,pending_metadata_review,false
IMG-0308,清代姑苏版画（候选，待确认）,pending_metadata_review,false
IMG-0309,清代姑苏版画（候选，待确认）,pending_metadata_review,false
IMG-0310,清代姑苏版画（候选，待确认）,pending_metadata_review,false
IMG-0311,清代姑苏版画（候选，待确认）,pending_metadata_review,false
IMG-0312,清代姑苏版画（候选，待确认）,priority_source_trace_review,false
IMG-0313,清代姑苏版画（候选，待确认）,pending_metadata_review,false
IMG-0314,清代姑苏版画（候选，待确认）,pending_metadata_review,false
IMG-0315,清代姑苏版画（候选，待确认）,pending_metadata_review,false
IMG-0316,清代姑苏版画（候选，待确认）,pending_metadata_review,false
IMG-0317,清代姑苏版画（候选，待确认）,pending_metadata_review,false
IMG-0318,清代姑苏版画（候选，待确认）,pending_metadata_review,false
IMG-0319,清代姑苏版画（候选，待确认）,pending_metadata_review,false
IMG-0320,清代姑苏版画（候选，待确认）,pending_metadata_review,false
IMG-0321,清代姑苏版画（候选，待确认）,pending_metadata_review,false
IMG-0322,清代姑苏版画（候选，待确认）,pending_metadata_review,false
IMG-0323,清代姑苏版画（候选，待确认）,pending_metadata_review,false
IMG-0324,清代姑苏版画（候选，待确认）,pending_metadata_review,false
IMG-0325,清代姑苏版画（候选，待确认）,pending_metadata_review,false
IMG-0326,清代姑苏版画（候选，待确认）,pending_metadata_review,false
IMG-0327,清代姑苏版画（候选，待确认）,pending_metadata_review,false
IMG-0328,清代姑苏版画（候选，待确认）,pending_metadata_review,false
IMG-0329,清代姑苏版画（候选，待确认）,pending_metadata_review,false
IMG-0330,清代姑苏版画（候选，待确认）,pending_metadata_review,false
IMG-0331,清代姑苏版画（候选，待确认）,pending_metadata_review,false
IMG-0332,清代姑苏版画（候选，待确认）,pending_metadata_review,false
IMG-0333,清代姑苏版画（候选，待确认）,pending_metadata_review,false
IMG-0334,清代姑苏版画（候选，待确认）,pending_metadata_review,false
IMG-0335,清代姑苏版画（候选，待确认）,pending_metadata_review,false
IMG-0336,清代姑苏版画（候选，待确认）,pending_metadata_review,false
IMG-0337,清代姑苏版画（候选，待确认）,pending_metadata_review,false
IMG-0338,清代姑苏版画（候选，待确认）,pending_metadata_review,false
IMG-0339,清代姑苏版画（候选，待确认）,pending_metadata_review,false
IMG-0340,清代姑苏版画（候选，待确认）,pending_metadata_review,false
IMG-0341,清代姑苏版画（候选，待确认）,pending_metadata_review,false
IMG-0342,清代姑苏版画（候选，待确认）,pending_metadata_review,false
IMG-0343,清代姑苏版画（候选，待确认）,pending_metadata_review,false
IMG-0344,清代姑苏版画（候选，待确认）,pending_metadata_review,false
IMG-0345,清代姑苏版画（候选，待确认）,pending_metadata_review,false
IMG-0346,清代姑苏版画（候选，待确认）,pending_metadata_review,false
IMG-0347,清代姑苏版画（候选，待确认）,pending_metadata_review,false
IMG-0348,清代姑苏版画（候选，待确认）,pending_metadata_review,false
IMG-0349,清代姑苏版画（候选，待确认）,pending_metadata_review,false
IMG-0350,清代姑苏版画（候选，待确认）,pending_metadata_review,false
IMG-0351,清代姑苏版画（候选，待确认）,pending_metadata_review,false
IMG-0352,清代姑苏版画（候选，待确认）,pending_metadata_review,false
IMG-0353,清代姑苏版画（候选，待确认）,pending_metadata_review,false
IMG-0354,清代姑苏版画（候选，待确认）,pending_metadata_review,false
IMG-0355,清代姑苏版画（候选，待确认）,pending_metadata_review,false
IMG-0356,清代姑苏版画（候选，待确认）,pending_metadata_review,false
IMG-0357,清代姑苏版画（候选，待确认）,pending_metadata_review,false
IMG-0358,清代姑苏版画（候选，待确认）,pending_metadata_review,false
IMG-0359,清代姑苏版画（候选，待确认）,pending_metadata_review,false
IMG-0360,清代姑苏版画（候选，待确认）,pending_metadata_review,false
IMG-0361,清代姑苏版画（候选，待确认）,pending_metadata_review,false
IMG-0362,清代姑苏版画（候选，待确认）,pending_metadata_review,false
IMG-0363,清代姑苏版画（候选，待确认）,pending_metadata_review,false
IMG-0364,清代姑苏版画（候选，待确认）,pending_metadata_review,false
IMG-0365,清代姑苏版画（候选，待确认）,pending_metadata_review,false
IMG-0366,清代姑苏版画（候选，待确认）,pending_metadata_review,false
IMG-0367,清代姑苏版画（候选，待确认）,pending_metadata_review,false
IMG-0368,清代姑苏版画（候选，待确认）,pending_metadata_review,false
IMG-0369,清代姑苏版画（候选，待确认）,pending_metadata_review,false
IMG-0370,清代姑苏版画（候选，待确认）,pending_metadata_review,false
IMG-0371,清代姑苏版画（候选，待确认）,pending_metadata_review,false
IMG-0372,清代姑苏版画（候选，待确认）,pending_metadata_review,false
IMG-0373,清代姑苏版画（候选，待确认）,pending_metadata_review,false
IMG-0374,清代姑苏版画（候选，待确认）,priority_series_unit_review,false
IMG-0375,清代姑苏版画（候选，待确认）,priority_series_unit_review,false
IMG-0376,清代姑苏版画（候选，待确认）,priority_series_unit_review,false
IMG-0377,清代姑苏版画（候选，待确认）,priority_series_unit_review,false
IMG-0378,清代姑苏版画（候选，待确认）,priority_series_unit_review,false
IMG-0379,清代姑苏版画（候选，待确认）,priority_series_unit_review,false
IMG-0380,清代姑苏版画（候选，待确认）,priority_series_unit_review,false
IMG-0381,清代姑苏版画（候选，待确认）,priority_series_unit_review,false
IMG-0382,清代姑苏版画（候选，待确认）,priority_series_unit_review,false
IMG-0383,清代姑苏版画（候选，待确认）,priority_series_unit_review,false
IMG-0384,清代姑苏版画（候选，待确认）,priority_series_unit_review,false
IMG-0385,清代姑苏版画（候选，待确认）,priority_series_unit_review,false
IMG-0386,清代姑苏版画（候选，待确认）,pending_metadata_review,false
IMG-0387,清代姑苏版画（候选，待确认）,pending_metadata_review,false
IMG-0388,清代姑苏版画（候选，待确认）,pending_metadata_review,false
IMG-0389,清代姑苏版画（候选，待确认）,pending_metadata_review,false
IMG-0390,清代姑苏版画（候选，待确认）,pending_metadata_review,false
IMG-0391,清代姑苏版画（候选，待确认）,pending_metadata_review,false
IMG-0392,清代姑苏版画（候选，待确认）,pending_metadata_review,false
IMG-0393,清代姑苏版画（候选，待确认）,pending_metadata_review,false
IMG-0394,清代姑苏版画（候选，待确认）,pending_metadata_review,false
IMG-0395,清代姑苏版画（候选，待确认）,pending_metadata_review,false
IMG-0396,清代姑苏版画（候选，待确认）,pending_metadata_review,false
IMG-0397,清代姑苏版画（候选，待确认）,pending_metadata_review,false
IMG-0398,清代姑苏版画（候选，待确认）,pending_metadata_review,false
IMG-0399,清代姑苏版画（候选，待确认）,pending_metadata_review,false
IMG-0400,清代姑苏版画（候选，待确认）,pending_metadata_review,false
IMG-0401,清代姑苏版画（候选，待确认）,pending_metadata_review,false
IMG-0402,清代姑苏版画（候选，待确认）,pending_metadata_review,false
IMG-0403,清代姑苏版画（候选，待确认）,pending_metadata_review,false
IMG-0404,清代姑苏版画（候选，待确认）,pending_metadata_review,false
IMG-0405,清代姑苏版画（候选，待确认）,pending_metadata_review,false
IMG-0406,清代姑苏版画（候选，待确认）,pending_metadata_review,false
IMG-0407,清代姑苏版画（候选，待确认）,priority_source_trace_review,false
IMG-0408,清代姑苏版画（候选，待确认）,pending_metadata_review,false
IMG-0409,清代姑苏版画（候选，待确认）,pending_metadata_review,false
IMG-0410,清代姑苏版画（候选，待确认）,pending_metadata_review,false
IMG-0411,清代姑苏版画（候选，待确认）,pending_metadata_review,false
IMG-0412,清代姑苏版画（候选，待确认）,pending_metadata_review,false
IMG-0413,清代姑苏版画（候选，待确认）,pending_metadata_review,false
IMG-0414,清代姑苏版画（候选，待确认）,pending_metadata_review,false
IMG-0415,清代姑苏版画（候选，待确认）,pending_metadata_review,false
IMG-0416,清代姑苏版画（候选，待确认）,pending_metadata_review,false
IMG-0417,清代姑苏版画（候选，待确认）,pending_metadata_review,false
IMG-0418,清代姑苏版画（候选，待确认）,pending_metadata_review,false
IMG-0419,清代姑苏版画（候选，待确认）,pending_metadata_review,false
IMG-0420,清代姑苏版画（候选，待确认）,priority_group_semantics_review,false
IMG-0421,清代姑苏版画（候选，待确认）,priority_group_semantics_review,false
IMG-0422,清代姑苏版画（候选，待确认）,pending_metadata_review,false
IMG-0423,清代姑苏版画（候选，待确认）,priority_series_unit_review,false
IMG-0424,清代姑苏版画（候选，待确认）,priority_series_unit_review,false
IMG-0425,清代姑苏版画（候选，待确认）,pending_metadata_review,false
IMG-0426,清代姑苏版画（候选，待确认）,pending_metadata_review,false
IMG-0427,清代姑苏版画（候选，待确认）,pending_metadata_review,false
IMG-0428,清代姑苏版画（候选，待确认）,pending_metadata_review,false
IMG-0429,清代姑苏版画（候选，待确认）,pending_metadata_review,false
IMG-0430,清代姑苏版画（候选，待确认）,priority_group_semantics_review,false
IMG-0431,清代姑苏版画（候选，待确认）,priority_group_semantics_review,false
IMG-0432,清代姑苏版画（候选，待确认）,pending_metadata_review,false
IMG-0433,清代姑苏版画（候选，待确认）,pending_metadata_review,false
IMG-0434,清代姑苏版画（候选，待确认）,pending_metadata_review,false
IMG-0435,清代姑苏版画（候选，待确认）,pending_metadata_review,false
IMG-0436,清代姑苏版画（候选，待确认）,pending_metadata_review,false
IMG-0437,清代姑苏版画（候选，待确认）,pending_metadata_review,false
IMG-0438,清代姑苏版画（候选，待确认）,pending_metadata_review,false
IMG-0439,清代姑苏版画（候选，待确认）,pending_metadata_review,false
IMG-0440,清代姑苏版画（候选，待确认）,pending_metadata_review,false
IMG-0441,清代姑苏版画（候选，待确认）,pending_metadata_review,false
IMG-0442,清代姑苏版画（候选，待确认）,pending_metadata_review,false
IMG-0443,清代姑苏版画（候选，待确认）,pending_metadata_review,false
IMG-0444,清代姑苏版画（候选，待确认）,pending_metadata_review,false
IMG-0445,清代姑苏版画（候选，待确认）,pending_metadata_review,false
IMG-0446,清代姑苏版画（候选，待确认）,pending_metadata_review,false
IMG-0447,清代姑苏版画（候选，待确认）,pending_metadata_review,false
IMG-0448,清代姑苏版画（候选，待确认）,pending_metadata_review,false
IMG-0449,清代姑苏版画（候选，待确认）,pending_metadata_review,false
IMG-0450,清代姑苏版画（候选，待确认）,priority_series_unit_review,false
IMG-0451,清代姑苏版画（候选，待确认）,pending_metadata_review,false
IMG-0452,清代姑苏版画（候选，待确认）,pending_metadata_review,false
IMG-0453,清代姑苏版画（候选，待确认）,priority_series_unit_review,false
IMG-0454,清代姑苏版画（候选，待确认）,priority_series_unit_review,false
IMG-0455,清代姑苏版画（候选，待确认）,pending_metadata_review,false
IMG-0456,清代姑苏版画（候选，待确认）,pending_metadata_review,false
IMG-0457,清代姑苏版画（候选，待确认）,pending_metadata_review,false
IMG-0458,清代姑苏版画（候选，待确认）,pending_metadata_review,false
IMG-0470,20世纪50年代桃花坞年画（候选，待确认）,pending_metadata_review,false
IMG-0471,20世纪50年代桃花坞年画（候选，待确认）,pending_metadata_review,false
IMG-0472,20世纪50年代桃花坞年画（候选，待确认）,pending_metadata_review,false
IMG-0473,20世纪50年代桃花坞年画（候选，待确认）,pending_metadata_review,false
IMG-0474,20世纪50年代桃花坞年画（候选，待确认）,pending_metadata_review,false
IMG-0475,20世纪50年代桃花坞年画（候选，待确认）,pending_metadata_review,false
IMG-0476,20世纪50年代桃花坞年画（候选，待确认）,pending_metadata_review,false
IMG-0477,20世纪50年代桃花坞年画（候选，待确认）,pending_metadata_review,false
IMG-0478,20世纪50年代桃花坞年画（候选，待确认）,pending_metadata_review,false
IMG-0605,清末杨柳青年画（候选，待确认）,pending_metadata_review,false
IMG-0606,清末杨柳青年画（候选，待确认）,pending_metadata_review,false
IMG-0607,清末杨柳青年画（候选，待确认）,pending_metadata_review,false
IMG-0608,清末杨柳青年画（候选，待确认）,pending_metadata_review,false
IMG-0609,清末杨柳青年画（候选，待确认）,pending_metadata_review,false
IMG-0610,清末杨柳青年画（候选，待确认）,pending_metadata_review,false
IMG-0611,清末杨柳青年画（候选，待确认）,pending_metadata_review,false
IMG-0612,清末杨柳青年画（候选，待确认）,pending_metadata_review,false
IMG-0613,清末杨柳青年画（候选，待确认）,pending_metadata_review,false
IMG-0614,清末杨柳青年画（候选，待确认）,pending_metadata_review,false
IMG-0615,清末杨柳青年画（候选，待确认）,pending_metadata_review,false
IMG-0616,清末杨柳青年画（候选，待确认）,pending_metadata_review,false
IMG-0617,清末杨柳青年画（候选，待确认）,pending_metadata_review,false
IMG-0618,清末杨柳青年画（候选，待确认）,pending_metadata_review,false
IMG-0619,清末杨柳青年画（候选，待确认）,pending_metadata_review,false
IMG-0620,清末杨柳青年画（候选，待确认）,pending_metadata_review,false
IMG-0621,清末杨柳青年画（候选，待确认）,pending_metadata_review,false
IMG-0622,清末杨柳青年画（候选，待确认）,pending_metadata_review,false
IMG-0623,清末杨柳青年画（候选，待确认）,pending_metadata_review,false
IMG-0624,清末杨柳青年画（候选，待确认）,pending_metadata_review,false
IMG-0625,清末杨柳青年画（候选，待确认）,pending_metadata_review,false
IMG-0626,清末杨柳青年画（候选，待确认）,pending_metadata_review,false
IMG-0627,清末杨柳青年画（候选，待确认）,pending_metadata_review,false
IMG-0628,清末杨柳青年画（候选，待确认）,pending_metadata_review,false
IMG-0629,清末杨柳青年画（候选，待确认）,pending_metadata_review,false
IMG-0630,清末杨柳青年画（候选，待确认）,pending_metadata_review,false
IMG-0631,清末杨柳青年画（候选，待确认）,pending_metadata_review,false
IMG-0632,清末杨柳青年画（候选，待确认）,pending_metadata_review,false
IMG-0633,清末杨柳青年画（候选，待确认）,pending_metadata_review,false
IMG-0634,清末杨柳青年画（候选，待确认）,pending_metadata_review,false
IMG-0635,清末杨柳青年画（候选，待确认）,pending_metadata_review,false
IMG-0636,清末杨柳青年画（候选，待确认）,pending_metadata_review,false
IMG-0637,清末杨柳青年画（候选，待确认）,pending_metadata_review,false
IMG-0638,清末杨柳青年画（候选，待确认）,pending_metadata_review,false
IMG-0639,清末杨柳青年画（候选，待确认）,pending_metadata_review,false
IMG-0640,清末杨柳青年画（候选，待确认）,pending_metadata_review,false
IMG-0641,清末杨柳青年画（候选，待确认）,pending_metadata_review,false
IMG-0642,清末杨柳青年画（候选，待确认）,pending_metadata_review,false
IMG-0643,清末杨柳青年画（候选，待确认）,pending_metadata_review,false
IMG-0644,清末杨柳青年画（候选，待确认）,pending_metadata_review,false
IMG-0645,清末杨柳青年画（候选，待确认）,pending_metadata_review,false
IMG-0646,清末杨柳青年画（候选，待确认）,pending_metadata_review,false
IMG-0647,清末杨柳青年画（候选，待确认）,pending_metadata_review,false
IMG-0648,清末杨柳青年画（候选，待确认）,pending_metadata_review,false
IMG-0649,清末杨柳青年画（候选，待确认）,pending_metadata_review,false
IMG-0650,清末杨柳青年画（候选，待确认）,pending_metadata_review,false
IMG-0651,清末杨柳青年画（候选，待确认）,pending_metadata_review,false
IMG-0652,清末杨柳青年画（候选，待确认）,pending_metadata_review,false
IMG-0653,清末杨柳青年画（候选，待确认）,pending_metadata_review,false
IMG-0654,清末杨柳青年画（候选，待确认）,pending_metadata_review,false
IMG-0655,清末杨柳青年画（候选，待确认）,pending_metadata_review,false
IMG-0656,清末杨柳青年画（候选，待确认）,pending_metadata_review,false
IMG-0657,清末杨柳青年画（候选，待确认）,pending_metadata_review,false
IMG-0658,清末杨柳青年画（候选，待确认）,pending_metadata_review,false
IMG-0659,清末杨柳青年画（候选，待确认）,pending_metadata_review,false
IMG-0660,清末杨柳青年画（候选，待确认）,pending_metadata_review,false
IMG-0661,清末杨柳青年画（候选，待确认）,pending_metadata_review,false
IMG-0662,清末杨柳青年画（候选，待确认）,pending_metadata_review,false
IMG-0663,清末杨柳青年画（候选，待确认）,pending_metadata_review,false
IMG-0664,清末杨柳青年画（候选，待确认）,pending_metadata_review,false
IMG-0665,清末杨柳青年画（候选，待确认）,pending_metadata_review,false
IMG-0666,清末杨柳青年画（候选，待确认）,pending_metadata_review,false
IMG-0667,清末杨柳青年画（候选，待确认）,pending_metadata_review,false
IMG-0668,清末杨柳青年画（候选，待确认）,pending_metadata_review,false
IMG-0669,清末杨柳青年画（候选，待确认）,pending_metadata_review,false
IMG-0670,清末杨柳青年画（候选，待确认）,pending_metadata_review,false
IMG-0671,清末杨柳青年画（候选，待确认）,pending_metadata_review,false
IMG-0672,清末杨柳青年画（候选，待确认）,pending_metadata_review,false
IMG-0673,清末杨柳青年画（候选，待确认）,pending_metadata_review,false
IMG-0674,清末杨柳青年画（候选，待确认）,pending_metadata_review,false
IMG-0675,清末杨柳青年画（候选，待确认）,pending_metadata_review,false
IMG-0676,清末杨柳青年画（候选，待确认）,pending_metadata_review,false
IMG-0677,清末杨柳青年画（候选，待确认）,pending_metadata_review,false
IMG-0678,清末杨柳青年画（候选，待确认）,pending_metadata_review,false
IMG-0679,清末杨柳青年画（候选，待确认）,pending_metadata_review,false
IMG-0680,清末杨柳青年画（候选，待确认）,pending_metadata_review,false
IMG-0681,清末杨柳青年画（候选，待确认）,pending_metadata_review,false
IMG-0682,清末杨柳青年画（候选，待确认）,pending_metadata_review,false
IMG-0683,清末杨柳青年画（候选，待确认）,pending_metadata_review,false
IMG-0684,清末杨柳青年画（候选，待确认）,pending_metadata_review,false
IMG-0685,清末杨柳青年画（候选，待确认）,pending_metadata_review,false
IMG-0686,清末杨柳青年画（候选，待确认）,pending_metadata_review,false
IMG-0687,清末杨柳青年画（候选，待确认）,pending_metadata_review,false
IMG-0688,清末杨柳青年画（候选，待确认）,pending_metadata_review,false
IMG-0689,清末杨柳青年画（候选，待确认）,pending_metadata_review,false
IMG-0690,清末杨柳青年画（候选，待确认）,pending_metadata_review,false
IMG-0691,清末杨柳青年画（候选，待确认）,pending_metadata_review,false
IMG-0692,清末杨柳青年画（候选，待确认）,pending_metadata_review,false
IMG-0693,清末杨柳青年画（候选，待确认）,pending_metadata_review,false
IMG-0694,清末杨柳青年画（候选，待确认）,pending_metadata_review,false
IMG-0695,清末杨柳青年画（候选，待确认）,pending_metadata_review,false
IMG-0696,清末杨柳青年画（候选，待确认）,pending_metadata_review,false
IMG-0697,清末杨柳青年画（候选，待确认）,pending_metadata_review,false
IMG-0698,清末杨柳青年画（候选，待确认）,pending_metadata_review,false
IMG-0699,清末杨柳青年画（候选，待确认）,pending_metadata_review,false
IMG-0700,清末杨柳青年画（候选，待确认）,pending_metadata_review,false
IMG-0701,清末杨柳青年画（候选，待确认）,pending_metadata_review,false
IMG-0702,清末杨柳青年画（候选，待确认）,pending_metadata_review,false
IMG-0703,清末杨柳青年画（候选，待确认）,pending_metadata_review,false
IMG-0704,清末杨柳青年画（候选，待确认）,pending_metadata_review,false
