group_a,group_a_label,group_b,group_b_label,mean_equal_layer_cosine_distance,distance_direction
gusu_qing_candidate,姑苏,gusu_qing_candidate,姑苏,2.9802322387695312e-08,smaller_is_more_similar
gusu_qing_candidate,姑苏,taohuawu_1950s_candidate,桃花坞,0.05879780650138855,smaller_is_more_similar
gusu_qing_candidate,姑苏,yangliuqing_late_qing_candidate,杨柳青,0.013610422611236572,smaller_is_more_similar
taohuawu_1950s_candidate,桃花坞,gusu_qing_candidate,姑苏,0.05879780650138855,smaller_is_more_similar
taohuawu_1950s_candidate,桃花坞,taohuawu_1950s_candidate,桃花坞,2.9802322387695312e-08,smaller_is_more_similar
taohuawu_1950s_candidate,桃花坞,yangliuqing_late_qing_candidate,杨柳青,0.030781060457229614,smaller_is_more_similar
yangliuqing_late_qing_candidate,杨柳青,gusu_qing_candidate,姑苏,0.013610422611236572,smaller_is_more_similar
yangliuqing_late_qing_candidate,杨柳青,taohuawu_1950s_candidate,桃花坞,0.030781060457229614,smaller_is_more_similar
yangliuqing_late_qing_candidate,杨柳青,yangliuqing_late_qing_candidate,杨柳青,0.0,smaller_is_more_similar
