sensitivity_scope,metric,candidate_group_pair,within_candidate_group,n_pairs,mean,sd,median,q1,q3,minimum,maximum,distance_direction,analysis_unit_warning
all_candidate_pairs,mean_equal_layer_cosine_distance,姑苏—姑苏,True,105111,0.14594323214924043,0.08759730798919237,0.12576040625572205,0.07902634143829346,0.19447895884513855,0.0019661784172058105,0.6352745294570923,smaller_is_more_similar,pairs_are_not_independent
all_candidate_pairs,mean_equal_layer_cosine_distance,姑苏—桃花坞,False,4131,0.1513778526625429,0.07741966702041438,0.1368599534034729,0.09176909923553467,0.1961984783411026,0.01809912919998169,0.5181624889373779,smaller_is_more_similar,pairs_are_not_independent
all_candidate_pairs,mean_equal_layer_cosine_distance,姑苏—杨柳青,False,45900,0.14712918332848934,0.085075573668678,0.12776626646518707,0.08203033357858658,0.19532683491706848,0.009460926055908203,0.6099098324775696,smaller_is_more_similar,pairs_are_not_independent
all_candidate_pairs,mean_equal_layer_cosine_distance,桃花坞—桃花坞,True,36,0.05521927111678653,0.032867351986416354,0.04515315592288971,0.03309665620326996,0.0698651447892189,0.015457868576049805,0.15952280163764954,smaller_is_more_similar,pairs_are_not_independent
all_candidate_pairs,mean_equal_layer_cosine_distance,桃花坞—杨柳青,False,900,0.11583213253153694,0.08384650804439933,0.0878303050994873,0.05415293574333191,0.1542026326060295,0.010216742753982544,0.43741485476493835,smaller_is_more_similar,pairs_are_not_independent
all_candidate_pairs,mean_equal_layer_cosine_distance,杨柳青—杨柳青,True,4950,0.12638803504332147,0.08766657196585304,0.10128931701183319,0.06149635463953018,0.17087958753108978,0.003146618604660034,0.5694690942764282,smaller_is_more_similar,pairs_are_not_independent
exclude_ahash_candidate_pairs_pending_review,mean_equal_layer_cosine_distance,姑苏—姑苏,True,104530,0.14624122880120535,0.08759629629240102,0.12604036927223206,0.07928889989852905,0.19485116004943848,0.0023922324180603027,0.6352745294570923,smaller_is_more_similar,pairs_are_not_independent
exclude_ahash_candidate_pairs_pending_review,mean_equal_layer_cosine_distance,姑苏—桃花坞,False,4131,0.1513778526625429,0.07741966702041438,0.1368599534034729,0.09176909923553467,0.1961984783411026,0.01809912919998169,0.5181624889373779,smaller_is_more_similar,pairs_are_not_independent
exclude_ahash_candidate_pairs_pending_review,mean_equal_layer_cosine_distance,姑苏—杨柳青,False,45900,0.14712918332848934,0.085075573668678,0.12776626646518707,0.08203033357858658,0.19532683491706848,0.009460926055908203,0.6099098324775696,smaller_is_more_similar,pairs_are_not_independent
exclude_ahash_candidate_pairs_pending_review,mean_equal_layer_cosine_distance,桃花坞—桃花坞,True,36,0.05521927111678653,0.032867351986416354,0.04515315592288971,0.03309665620326996,0.0698651447892189,0.015457868576049805,0.15952280163764954,smaller_is_more_similar,pairs_are_not_independent
exclude_ahash_candidate_pairs_pending_review,mean_equal_layer_cosine_distance,桃花坞—杨柳青,False,900,0.11583213253153694,0.08384650804439933,0.0878303050994873,0.05415293574333191,0.1542026326060295,0.010216742753982544,0.43741485476493835,smaller_is_more_similar,pairs_are_not_independent
exclude_ahash_candidate_pairs_pending_review,mean_equal_layer_cosine_distance,杨柳青—杨柳青,True,4949,0.12641257767268782,0.08765842167566115,0.10130277276039124,0.06151953339576721,0.17088347673416138,0.003146618604660034,0.5694690942764282,smaller_is_more_similar,pairs_are_not_independent
