sample_id,image_path,sample_index,fold,true_idx,true_class,pred_idx,pred_class,prob_non_gusu,prob_gusu,prediction_confidence,distance_from_0_5,decision_score,is_correct,error_type
IMG-0000,images/gusu/BM-康乾时期的姑苏__mid_00022769_001-kangxi.jpg,0,2,1,gusu,0,non_gusu,0.8752551422300416,0.12474485776995833,0.8752551422300416,0.37525514223004164,-1.9482449214720798,False,false_negative_gusu_to_non_gusu
IMG-0046,images/gusu/BM-康乾时期的姑苏__mid_00093482_001-kangxi.jpg,46,1,1,gusu,0,non_gusu,0.8624306158368872,0.1375693841631128,0.8624306158368872,0.3624306158368872,-1.8356262983349794,False,false_negative_gusu_to_non_gusu
IMG-0048,images/gusu/BM-康乾时期的姑苏__mid_00098126_001-kangxi.jpg,48,5,1,gusu,0,non_gusu,0.5832736254959315,0.41672637450406846,0.5832736254959315,0.08327362549593154,-0.3362265865462908,False,false_negative_gusu_to_non_gusu
IMG-0060,images/gusu/BM-康乾时期的姑苏__mid_00098187_001-kangxi.jpg,60,5,1,gusu,0,non_gusu,0.5394832872363706,0.4605167127636293,0.5394832872363706,0.03948328723637068,-0.158262658289399,False,false_negative_gusu_to_non_gusu
IMG-0077,images/gusu/BM-康乾时期的姑苏__mid_00710785_001-kangqian.jpg,77,3,1,gusu,0,non_gusu,0.5465386644282195,0.45346133557178053,0.5465386644282195,0.04653866442821947,-0.18669504621102495,False,false_negative_gusu_to_non_gusu
IMG-0108,images/gusu/Cleveland__2025.82_print-qianlong.jpg,108,3,1,gusu,0,non_gusu,0.6105232324473294,0.3894767675526706,0.6105232324473294,0.11052323244732942,-0.44951213092970155,False,false_negative_gusu_to_non_gusu
IMG-0117,images/gusu/私人藏家__IMG_0082.jpg,117,2,1,gusu,0,non_gusu,0.6961689440407283,0.30383105595927173,0.6961689440407283,0.19616894404072827,-0.8291205566184671,False,false_negative_gusu_to_non_gusu
IMG-0121,images/gusu/私人藏家__IMG_0102.jpg,121,1,1,gusu,0,non_gusu,0.9066902445312042,0.09330975546879589,0.9066902445312042,0.4066902445312041,-2.273876212671309,False,false_negative_gusu_to_non_gusu
IMG-0147,images/gusu/MET__DP-40846-001-ming.jpg,147,5,1,gusu,0,non_gusu,0.9853795363730826,0.014620463626917341,0.9853795363730826,0.4853795363730827,-4.210604717425428,False,false_negative_gusu_to_non_gusu
IMG-0163,images/gusu/MET__DP-40862-001-xianfeng.jpg,163,5,1,gusu,0,non_gusu,0.8068274488064704,0.19317255119352958,0.8068274488064704,0.3068274488064704,-1.4295259902067057,False,false_negative_gusu_to_non_gusu
IMG-0170,images/gusu/MET__DP-41019-004-qianlong.jpg,170,5,1,gusu,0,non_gusu,0.9540475210172712,0.045952478982728785,0.9540475210172712,0.4540475210172712,-3.033105685678574,False,false_negative_gusu_to_non_gusu
IMG-0194,images/gusu/MET__DP-41320-001-daoguang.jpg,194,4,1,gusu,0,non_gusu,0.9941063549030131,0.005893645096986835,0.9941063549030131,0.4941063549030132,-5.127969529602533,False,false_negative_gusu_to_non_gusu
IMG-0208,images/gusu/MET__DP-41452-001-qianlong.jpg,208,3,1,gusu,0,non_gusu,0.8067419082705889,0.1932580917294111,0.8067419082705889,0.3067419082705889,-1.4289772424364666,False,false_negative_gusu_to_non_gusu
IMG-0234,images/gusu/私人藏家__微信图片_20260506165420.jpg,234,1,1,gusu,0,non_gusu,0.5911165007633401,0.40888349923665984,0.5911165007633401,0.09111650076334016,-0.36858285026542825,False,false_negative_gusu_to_non_gusu
IMG-0240,images/gusu/私人藏家__微信图片_20260506165540.jpg,240,2,1,gusu,0,non_gusu,0.7720390345418608,0.22796096545813918,0.7720390345418608,0.27203903454186085,-1.2198607014582028,False,false_negative_gusu_to_non_gusu
IMG-0241,images/gusu/私人藏家__微信图片_20260506165548.jpg,241,1,1,gusu,0,non_gusu,0.9229067548356722,0.07709324516432778,0.9229067548356722,0.4229067548356722,-2.4825125400126584,False,false_negative_gusu_to_non_gusu
IMG-0242,images/gusu/私人藏家__微信图片_20260506165556.jpg,242,3,1,gusu,0,non_gusu,0.9932000379315039,0.006799962068496044,0.9932000379315039,0.49320003793150397,-4.9840150578210585,False,false_negative_gusu_to_non_gusu
IMG-0243,images/gusu/私人藏家__微信图片_20260506165606.jpg,243,4,1,gusu,0,non_gusu,0.9964749737395384,0.003525026260461532,0.9964749737395384,0.49647497373953847,-5.6443361391646585,False,false_negative_gusu_to_non_gusu
IMG-0247,images/gusu/私人藏家__微信图片_20260424173857.jpg,247,4,1,gusu,0,non_gusu,0.9982585249806619,0.0017414750193380359,0.9982585249806619,0.498258524980662,-6.35127981944783,False,false_negative_gusu_to_non_gusu
IMG-0251,images/gusu/私人藏家__微信图片_20260424174015.jpg,251,4,1,gusu,0,non_gusu,0.8237916007223052,0.17620839927769485,0.8237916007223052,0.3237916007223052,-1.5422502048117759,False,false_negative_gusu_to_non_gusu
IMG-0252,images/gusu/私人藏家__微信图片_20260424174022.jpg,252,3,1,gusu,0,non_gusu,0.7375381733595007,0.26246182664049933,0.7375381733595007,0.23753817335950067,-1.0332121982269857,False,false_negative_gusu_to_non_gusu
IMG-0266,images/gusu/私人藏家__微信图片_20260424174222.jpg,266,4,1,gusu,0,non_gusu,0.897742326405201,0.10225767359479895,0.897742326405201,0.397742326405201,-2.1723872459953606,False,false_negative_gusu_to_non_gusu
IMG-0290,images/gusu/奥莱美术馆__D7_平面_程咬金大闹武举场.jpg,290,2,1,gusu,0,non_gusu,0.6151718978391911,0.3848281021608089,0.6151718978391911,0.11517189783919107,-0.46910499074447254,False,false_negative_gusu_to_non_gusu
IMG-0299,images/gusu/奥莱美术馆__汾阳宫全.jpg,299,1,1,gusu,0,non_gusu,0.8764189967697273,0.12358100323027266,0.8764189967697273,0.37641899676972734,-1.9589474457356428,False,false_negative_gusu_to_non_gusu
IMG-0300,images/gusu/奥莱美术馆__清朝三百六十行.jpg,300,3,1,gusu,0,non_gusu,0.6903565536453431,0.30964344635465685,0.6903565536453431,0.19035655364534315,-0.8017867460653773,False,false_negative_gusu_to_non_gusu
IMG-0305,images/gusu/姑苏-私人藏家__微信图片_20260404210321.jpg,305,1,1,gusu,0,non_gusu,0.7880512462100192,0.21194875378998076,0.7880512462100192,0.2880512462100192,-1.3132186029592712,False,false_negative_gusu_to_non_gusu
IMG-0338,images/gusu/姑苏-私人藏家__微信图片_20260409102217.jpg,338,4,1,gusu,0,non_gusu,0.9837027238219972,0.016297276178002834,0.9837027238219972,0.4837027238219972,-4.100325753265843,False,false_negative_gusu_to_non_gusu
IMG-0340,images/gusu/姑苏-私人藏家__微信图片_20260409102227.jpg,340,5,1,gusu,0,non_gusu,0.8633169018190073,0.1366830981809927,0.8633169018190073,0.36331690181900733,-1.8431167388065195,False,false_negative_gusu_to_non_gusu
IMG-0360,images/gusu/姑苏-私人藏家__微信图片_20260409121942.jpg,360,1,1,gusu,0,non_gusu,0.9980441231509376,0.001955876849062444,0.9980441231509376,0.49804412315093755,-6.234958877879746,False,false_negative_gusu_to_non_gusu
IMG-0363,images/gusu/姑苏-私人藏家__微信图片_20260409125358.jpg,363,3,1,gusu,0,non_gusu,0.9990017363222561,0.0009982636777439416,0.9990017363222561,0.4990017363222561,-6.9084943481180785,False,false_negative_gusu_to_non_gusu
IMG-0364,images/gusu/姑苏-私人藏家__微信图片_20260409125405.jpg,364,4,1,gusu,0,non_gusu,0.9969548533496968,0.003045146650303186,0.9969548533496968,0.4969548533496968,-5.791156425417494,False,false_negative_gusu_to_non_gusu
IMG-0365,images/gusu/姑苏-私人藏家__微信图片_20260410093914.jpg,365,5,1,gusu,0,non_gusu,0.9978170769273379,0.0021829230726621352,0.9978170769273379,0.49781707692733784,-6.124905132188255,False,false_negative_gusu_to_non_gusu
IMG-0370,images/gusu/姑苏-统计表__微信图片_20260409095939.jpg,370,4,1,gusu,0,non_gusu,0.9966446854017059,0.003355314598294069,0.9966446854017059,0.4966446854017059,-5.693848786681671,False,false_negative_gusu_to_non_gusu
IMG-0371,images/gusu/姑苏-统计表__微信图片_20260409102514.jpg,371,5,1,gusu,0,non_gusu,0.9458267881059309,0.054173211894069095,0.9458267881059309,0.4458267881059309,-2.8598729122642355,False,false_negative_gusu_to_non_gusu
IMG-0410,images/gusu/私人藏家__寿星图.jpg,410,5,1,gusu,0,non_gusu,0.9475379124329906,0.052462087567009416,0.9475379124329906,0.44753791243299057,-2.8937761821309915,False,false_negative_gusu_to_non_gusu
IMG-0434,images/gusu/苏州市公共文化中心（苏州美术馆）__PR0896-关帝图-无.jpg,434,5,1,gusu,0,non_gusu,0.509718264634011,0.490281735365989,0.509718264634011,0.009718264634010987,-0.038877954783361104,False,false_negative_gusu_to_non_gusu
IMG-0443,images/gusu/韩国古版画博物馆藏__7.福字图.jpg,443,4,1,gusu,0,non_gusu,0.888214311203363,0.11178568879663696,0.888214311203363,0.388214311203363,-2.072629509977573,False,false_negative_gusu_to_non_gusu
IMG-0455,images/gusu/私人藏家__皇妃与格格-私人藏家.jpg,455,3,1,gusu,0,non_gusu,0.9923488914936911,0.007651108506308923,0.9923488914936911,0.4923488914936911,-4.865224210459359,False,false_negative_gusu_to_non_gusu
IMG-0460,images/non_gusu/1860英法从圆明园掠走年画__微信图片_20260409092807.jpg,460,3,0,non_gusu,1,gusu,0.026026592718300545,0.9739734072816995,0.9739734072816995,0.47397340728169945,3.6222651885054216,False,false_positive_non_gusu_to_gusu
IMG-0464,images/non_gusu/1951年木板年画__微信图片_20260409095959.jpg,464,1,0,non_gusu,1,gusu,0.3451147619307675,0.6548852380692325,0.6548852380692325,0.1548852380692325,0.6405830062343076,False,false_positive_non_gusu_to_gusu
IMG-0465,images/non_gusu/1951年木板年画__微信图片_20260409100018.jpg,465,2,0,non_gusu,1,gusu,0.4531183269113702,0.5468816730886298,0.5468816730886298,0.04688167308862978,0.18807916057242935,False,false_positive_non_gusu_to_gusu
IMG-0467,images/non_gusu/1951年木板年画__微信图片_20260409100042.jpg,467,2,0,non_gusu,1,gusu,0.03302420321305377,0.9669757967869462,0.9669757967869462,0.46697579678694623,3.376932742627984,False,false_positive_non_gusu_to_gusu
IMG-0470,images/non_gusu/50年代桃花坞__微信图片_20260410093445.jpg,470,3,0,non_gusu,1,gusu,0.003602462336153023,0.996397537663847,0.996397537663847,0.496397537663847,5.622528718234828,False,false_positive_non_gusu_to_gusu
IMG-0494,images/non_gusu/上海胶印民国__微信图片_20260404214636.jpg,494,3,0,non_gusu,1,gusu,0.45117015292017737,0.5488298470798226,0.5488298470798226,0.04882984707982263,0.19594391345825757,False,false_positive_non_gusu_to_gusu
IMG-0496,images/non_gusu/上海胶印民国__微信图片_20260404214653.jpg,496,3,0,non_gusu,1,gusu,0.26080514245467235,0.7391948575453277,0.7391948575453277,0.23919485754532765,1.041788015660213,False,false_positive_non_gusu_to_gusu
IMG-0510,images/non_gusu/小教厂清末__微信图片_20260404204338.jpg,510,3,0,non_gusu,1,gusu,0.008748629066142155,0.9912513709338578,0.9912513709338578,0.49125137093385784,4.730071146044478,False,false_positive_non_gusu_to_gusu
IMG-0566,images/non_gusu/插图__微信图片_20260409114645.jpg,566,3,0,non_gusu,1,gusu,1.7570076050188455e-05,0.9999824299239498,0.9999824299239498,0.4999824299239498,10.949295757135127,False,false_positive_non_gusu_to_gusu
IMG-0569,images/non_gusu/插图__微信图片_20260409114715.jpg,569,3,0,non_gusu,1,gusu,0.35793081699512985,0.6420691830048701,0.6420691830048701,0.14206918300487015,0.5843563404650917,False,false_positive_non_gusu_to_gusu
IMG-0580,images/non_gusu/插图__微信图片_20260409130349.jpg,580,2,0,non_gusu,1,gusu,0.28442455093845787,0.7155754490615421,0.7155754490615421,0.21557544906154213,0.9226190232746262,False,false_positive_non_gusu_to_gusu
IMG-0595,images/non_gusu/插图__微信图片_20260410094317.jpg,595,1,0,non_gusu,1,gusu,0.11842401127462909,0.8815759887253709,0.8815759887253709,0.3815759887253709,2.00743970219163,False,false_positive_non_gusu_to_gusu
IMG-0598,images/non_gusu/插图__微信图片_20260410094343.jpg,598,5,0,non_gusu,1,gusu,0.01928876044909489,0.9807112395509051,0.9807112395509051,0.4807112395509051,3.928755496953069,False,false_positive_non_gusu_to_gusu
IMG-0602,images/non_gusu/新年画__微信图片_20260409122817.jpg,602,3,0,non_gusu,1,gusu,0.12220652019013245,0.8777934798098675,0.8777934798098675,0.37779347980986755,1.9716989473244158,False,false_positive_non_gusu_to_gusu
IMG-0609,images/non_gusu/杨柳青清末__微信图片_20260404211137.jpg,609,2,0,non_gusu,1,gusu,0.06922517199095624,0.9307748280090438,0.9307748280090438,0.43077482800904376,2.598652834093856,False,false_positive_non_gusu_to_gusu
IMG-0628,images/non_gusu/杨柳青清末__微信图片_20260404212152.jpg,628,1,0,non_gusu,1,gusu,0.26500693082988125,0.7349930691701188,0.7349930691701188,0.23499306917011875,1.020105089748624,False,false_positive_non_gusu_to_gusu
IMG-0629,images/non_gusu/杨柳青清末__微信图片_20260404212203.jpg,629,1,0,non_gusu,1,gusu,0.2031982076824842,0.7968017923175158,0.7968017923175158,0.2968017923175158,1.366424060457121,False,false_positive_non_gusu_to_gusu
IMG-0632,images/non_gusu/杨柳青清末__微信图片_20260404213044.jpg,632,1,0,non_gusu,1,gusu,0.009855997078859646,0.9901440029211404,0.9901440029211404,0.49014400292114035,4.609770279637627,False,false_positive_non_gusu_to_gusu
IMG-0634,images/non_gusu/杨柳青清末__微信图片_20260404215659.jpg,634,1,0,non_gusu,1,gusu,0.013634790861156598,0.9863652091388434,0.9863652091388434,0.4863652091388434,4.2814020028900375,False,false_positive_non_gusu_to_gusu
IMG-0639,images/non_gusu/杨柳青清末__微信图片_20260404220512.jpg,639,5,0,non_gusu,1,gusu,0.1696463292147875,0.8303536707852125,0.8303536707852125,0.3303536707852125,1.588135865817233,False,false_positive_non_gusu_to_gusu
IMG-0652,images/non_gusu/杨柳青清末__微信图片_20260409101936.jpg,652,1,0,non_gusu,1,gusu,0.0404487357621125,0.9595512642378875,0.9595512642378875,0.4595512642378875,3.1664303534152842,False,false_positive_non_gusu_to_gusu
IMG-0656,images/non_gusu/杨柳青清末__微信图片_20260409102015.jpg,656,4,0,non_gusu,1,gusu,2.5748832699346025e-06,0.9999974251167301,0.9999974251167301,0.49999742511673007,12.869703782053033,False,false_positive_non_gusu_to_gusu
IMG-0658,images/non_gusu/杨柳青清末__微信图片_20260409102030.jpg,658,2,0,non_gusu,1,gusu,0.04599572104721317,0.9540042789527868,0.9540042789527868,0.45400427895278683,3.0321197852640425,False,false_positive_non_gusu_to_gusu
IMG-0661,images/non_gusu/杨柳青清末__微信图片_20260409114434.jpg,661,5,0,non_gusu,1,gusu,0.02724682747181184,0.9727531725281882,0.9727531725281882,0.47275317252818816,3.5751932819819294,False,false_positive_non_gusu_to_gusu
IMG-0665,images/non_gusu/杨柳青清末__微信图片_20260409114515.jpg,665,4,0,non_gusu,1,gusu,0.18920887601028746,0.8107911239897125,0.8107911239897125,0.31079112398971254,1.4551588984016142,False,false_positive_non_gusu_to_gusu
IMG-0676,images/non_gusu/杨柳青清末__微信图片_20260409123128.jpg,676,2,0,non_gusu,1,gusu,0.12228558905098408,0.8777144109490159,0.8777144109490159,0.3777144109490159,1.9709620654848625,False,false_positive_non_gusu_to_gusu
IMG-0687,images/non_gusu/杨柳青清末__微信图片_20260409125939.jpg,687,1,0,non_gusu,1,gusu,0.04463164240803408,0.9553683575919659,0.9553683575919659,0.4553683575919659,3.0636539023653264,False,false_positive_non_gusu_to_gusu
IMG-0704,images/non_gusu/杨柳青清末__微信图片_20260410095920.jpg,704,3,0,non_gusu,1,gusu,0.21610245488951452,0.7838975451104855,0.7838975451104855,0.2838975451104855,1.2885257061353994,False,false_positive_non_gusu_to_gusu
IMG-0710,images/non_gusu/民国年画宣传画__微信图片_20260409095649.jpg,710,5,0,non_gusu,1,gusu,0.24668948129863788,0.7533105187013621,0.7533105187013621,0.2533105187013621,1.1163471332256865,False,false_positive_non_gusu_to_gusu
IMG-0743,images/non_gusu/河北山东__微信图片_20260404211913.jpg,743,1,0,non_gusu,1,gusu,0.022400327712363888,0.9775996722876361,0.9775996722876361,0.4775996722876361,3.7760246644257376,False,false_positive_non_gusu_to_gusu
IMG-0745,images/non_gusu/河北山东__微信图片_20260404220554.jpg,745,4,0,non_gusu,1,gusu,0.373516231106392,0.626483768893608,0.626483768893608,0.12648376889360802,0.5171614060023667,False,false_positive_non_gusu_to_gusu
IMG-0775,images/non_gusu/非姑苏-未分类__微信图片_20260409093310.jpg,775,1,0,non_gusu,1,gusu,0.006002545336025733,0.9939974546639743,0.9939974546639743,0.49399745466397427,5.109551044011049,False,false_positive_non_gusu_to_gusu
IMG-0785,images/non_gusu/非姑苏-未分类__微信图片_20260409094307.jpg,785,3,0,non_gusu,1,gusu,0.3598094890801865,0.6401905109198135,0.6401905109198135,0.1401905109198135,0.5761911109934946,False,false_positive_non_gusu_to_gusu
IMG-0787,images/non_gusu/非姑苏-未分类__微信图片_20260409094317.jpg,787,5,0,non_gusu,1,gusu,0.0007568646743054686,0.9992431353256945,0.9992431353256945,0.49924313532569453,7.185568935045204,False,false_positive_non_gusu_to_gusu
IMG-0794,images/non_gusu/非姑苏-未分类__微信图片_20260409102525.jpg,794,4,0,non_gusu,1,gusu,0.06190508746100676,0.9380949125389932,0.9380949125389932,0.43809491253899324,2.7182487652650753,False,false_positive_non_gusu_to_gusu
IMG-0795,images/non_gusu/非姑苏-未分类__微信图片_20260409102533.jpg,795,5,0,non_gusu,1,gusu,0.4837302281799828,0.5162697718200172,0.5162697718200172,0.01626977182001721,0.06510207093748453,False,false_positive_non_gusu_to_gusu
IMG-0807,images/non_gusu/非姑苏-未分类__微信图片_20260409124211.jpg,807,2,0,non_gusu,1,gusu,0.4803280114675258,0.5196719885324742,0.5196719885324742,0.019671988532474205,0.07872859351552763,False,false_positive_non_gusu_to_gusu
IMG-0811,images/non_gusu/非姑苏-未分类__微信图片_20260409130124.jpg,811,2,0,non_gusu,1,gusu,0.008467740331071782,0.9915322596689282,0.9915322596689282,0.4915322596689282,4.762987795584332,False,false_positive_non_gusu_to_gusu
IMG-0824,images/non_gusu/非姑苏-未分类__微信图片_20260410093337.jpg,824,2,0,non_gusu,1,gusu,0.38534398386288826,0.6146560161371117,0.6146560161371117,0.11465601613711174,0.4669263880077458,False,false_positive_non_gusu_to_gusu
IMG-0829,images/non_gusu/非姑苏-未分类__微信图片_20260410100045.jpg,829,3,0,non_gusu,1,gusu,0.08552178969257185,0.9144782103074282,0.9144782103074282,0.41447821030742815,2.3695824469757976,False,false_positive_non_gusu_to_gusu
IMG-0839,images/non_gusu/非姑苏-未分类__微信图片_20260410100402.jpg,839,4,0,non_gusu,1,gusu,0.1633370592149711,0.8366629407850289,0.8366629407850289,0.3366629407850289,1.6336053765062035,False,false_positive_non_gusu_to_gusu
IMG-0841,images/non_gusu/非姑苏-统计表__DP-19473-002_crd-ming.jpg,841,2,0,non_gusu,1,gusu,0.10973487408976712,0.8902651259102329,0.8902651259102329,0.3902651259102329,2.093452091694169,False,false_positive_non_gusu_to_gusu
IMG-0842,images/non_gusu/非姑苏-统计表__DP-44381-003.jpg,842,3,0,non_gusu,1,gusu,0.01709853070570433,0.9829014692942957,0.9829014692942957,0.48290146929429567,4.051516344253864,False,false_positive_non_gusu_to_gusu
IMG-0843,images/non_gusu/非姑苏-统计表__w163 4.jpg,843,1,0,non_gusu,1,gusu,0.20203921895168564,0.7979607810483144,0.7979607810483144,0.29796078104831436,1.3735976179040073,False,false_positive_non_gusu_to_gusu
IMG-0844,images/non_gusu/非姑苏-统计表__w164 1.jpg,844,5,0,non_gusu,1,gusu,1.0661025602543006e-05,0.9999893389743975,0.9999893389743975,0.49998933897439746,11.448905272408817,False,false_positive_non_gusu_to_gusu
IMG-0845,images/non_gusu/非姑苏-统计表__冯宁等绘 《平定仲苗得胜图之攻克北乡巴林》清嘉庆三年 铜版画 49x85.jpg,845,2,0,non_gusu,1,gusu,0.11674560134432144,0.8832543986556786,0.8832543986556786,0.38325439865567856,2.023616046319257,False,false_positive_non_gusu_to_gusu
IMG-0847,images/non_gusu/非姑苏-统计表__冯宁等绘 《平定苗疆得胜图之攻克苏麻寨》清乾隆六十年至嘉庆三年 铜版画 51x87.jpg,847,2,0,non_gusu,1,gusu,0.01165345196079004,0.98834654803921,0.98834654803921,0.48834654803920996,4.440430951602612,False,false_positive_non_gusu_to_gusu
IMG-0874,images/non_gusu/鲁主任转__民间年画11.jpg,874,3,0,non_gusu,1,gusu,0.16536112702956252,0.8346388729704375,0.8346388729704375,0.3346388729704375,1.618867412878568,False,false_positive_non_gusu_to_gusu
