sample_id,image_path,sample_index,fold,true_label,true_class,pred_label,pred_class,prob_gusu,prob_non_gusu,pred_confidence,prob_true_class,is_misclassified,error_type
IMG-0775,images/non_gusu/非姑苏-未分类__微信图片_20260409093310.jpg,775,1,1,non_gusu,0,gusu,1.00000000,0.00000000,1.00000000,0.00000000,1,non_gusu_to_gusu
IMG-0842,images/non_gusu/非姑苏-统计表__DP-44381-003.jpg,842,3,1,non_gusu,0,gusu,1.00000000,0.00000000,1.00000000,0.00000000,1,non_gusu_to_gusu
IMG-0841,images/non_gusu/非姑苏-统计表__DP-19473-002_crd-ming.jpg,841,2,1,non_gusu,0,gusu,0.99999976,0.00000024,0.99999976,0.00000024,1,non_gusu_to_gusu
IMG-0852,images/non_gusu/非姑苏-统计表__群神聚会下天台.jpg,852,3,1,non_gusu,0,gusu,0.99999833,0.00000164,0.99999833,0.00000164,1,non_gusu_to_gusu
IMG-0410,images/gusu/私人藏家__寿星图.jpg,410,5,0,gusu,1,non_gusu,0.00000357,0.99999642,0.99999642,0.00000357,1,gusu_to_non_gusu
IMG-0848,images/non_gusu/非姑苏-统计表__南极仙翁.jpg,848,4,1,non_gusu,0,gusu,0.99999452,0.00000553,0.99999452,0.00000553,1,non_gusu_to_gusu
IMG-0714,images/non_gusu/民国年画宣传画__微信图片_20260409101257.jpg,714,4,1,non_gusu,0,gusu,0.99999297,0.00000701,0.99999297,0.00000701,1,non_gusu_to_gusu
IMG-0811,images/non_gusu/非姑苏-未分类__微信图片_20260409130124.jpg,811,2,1,non_gusu,0,gusu,0.99995053,0.00004942,0.99995053,0.00004942,1,non_gusu_to_gusu
IMG-0364,images/gusu/姑苏-私人藏家__微信图片_20260409125405.jpg,364,4,0,gusu,1,non_gusu,0.00011166,0.99988830,0.99988830,0.00011166,1,gusu_to_non_gusu
IMG-0743,images/non_gusu/河北山东__微信图片_20260404211913.jpg,743,1,1,non_gusu,0,gusu,0.99984229,0.00015764,0.99984229,0.00015764,1,non_gusu_to_gusu
IMG-0794,images/non_gusu/非姑苏-未分类__微信图片_20260409102525.jpg,794,4,1,non_gusu,0,gusu,0.99983907,0.00016085,0.99983907,0.00016085,1,non_gusu_to_gusu
IMG-0370,images/gusu/姑苏-统计表__微信图片_20260409095939.jpg,370,4,0,gusu,1,non_gusu,0.00055991,0.99944013,0.99944013,0.00055991,1,gusu_to_non_gusu
IMG-0477,images/non_gusu/50年代桃花坞__微信图片_20260410093543.jpg,477,3,1,non_gusu,0,gusu,0.99942052,0.00057956,0.99942052,0.00057956,1,non_gusu_to_gusu
IMG-0351,images/gusu/姑苏-私人藏家__微信图片_20260409121054.jpg,351,2,0,gusu,1,non_gusu,0.00068896,0.99931109,0.99931109,0.00068896,1,gusu_to_non_gusu
IMG-0687,images/non_gusu/杨柳青清末__微信图片_20260409125939.jpg,687,1,1,non_gusu,0,gusu,0.99879885,0.00120118,0.99879885,0.00120118,1,non_gusu_to_gusu
IMG-0830,images/non_gusu/非姑苏-未分类__微信图片_20260410100049.jpg,830,4,1,non_gusu,0,gusu,0.99870777,0.00129222,0.99870777,0.00129222,1,non_gusu_to_gusu
IMG-0470,images/non_gusu/50年代桃花坞__微信图片_20260410093445.jpg,470,3,1,non_gusu,0,gusu,0.99830037,0.00169967,0.99830037,0.00169967,1,non_gusu_to_gusu
IMG-0566,images/non_gusu/插图__微信图片_20260409114645.jpg,566,3,1,non_gusu,0,gusu,0.99825090,0.00174909,0.99825090,0.00174909,1,non_gusu_to_gusu
IMG-0834,images/non_gusu/非姑苏-未分类__微信图片_20260410100113.jpg,834,1,1,non_gusu,0,gusu,0.99688441,0.00311553,0.99688441,0.00311553,1,non_gusu_to_gusu
IMG-0170,images/gusu/MET__DP-41019-004-qianlong.jpg,170,5,0,gusu,1,non_gusu,0.00416666,0.99583328,0.99583328,0.00416666,1,gusu_to_non_gusu
IMG-0314,images/gusu/姑苏-私人藏家__微信图片_20260404213306.jpg,314,4,0,gusu,1,non_gusu,0.00639561,0.99360436,0.99360436,0.00639561,1,gusu_to_non_gusu
IMG-0701,images/non_gusu/杨柳青清末__微信图片_20260410095900.jpg,701,5,1,non_gusu,0,gusu,0.99278647,0.00721355,0.99278647,0.00721355,1,non_gusu_to_gusu
IMG-0108,images/gusu/Cleveland__2025.82_print-qianlong.jpg,108,3,0,gusu,1,non_gusu,0.00828849,0.99171150,0.99171150,0.00828849,1,gusu_to_non_gusu
IMG-0341,images/gusu/姑苏-私人藏家__微信图片_20260409102231.jpg,341,1,0,gusu,1,non_gusu,0.00839423,0.99160576,0.99160576,0.00839423,1,gusu_to_non_gusu
IMG-0247,images/gusu/私人藏家__微信图片_20260424173857.jpg,247,4,0,gusu,1,non_gusu,0.00868208,0.99131799,0.99131799,0.00868208,1,gusu_to_non_gusu
IMG-0634,images/non_gusu/杨柳青清末__微信图片_20260404215659.jpg,634,1,1,non_gusu,0,gusu,0.98516613,0.01483381,0.98516613,0.01483381,1,non_gusu_to_gusu
IMG-0440,images/gusu/韩国古版画博物馆藏__4.关羽图.jpg,440,2,0,gusu,1,non_gusu,0.03483691,0.96516311,0.96516311,0.03483691,1,gusu_to_non_gusu
IMG-0745,images/non_gusu/河北山东__微信图片_20260404220554.jpg,745,4,1,non_gusu,0,gusu,0.95690632,0.04309369,0.95690632,0.04309369,1,non_gusu_to_gusu
IMG-0656,images/non_gusu/杨柳青清末__微信图片_20260409102015.jpg,656,4,1,non_gusu,0,gusu,0.95202196,0.04797805,0.95202196,0.04797805,1,non_gusu_to_gusu
IMG-0777,images/non_gusu/非姑苏-未分类__微信图片_20260409093850.jpg,777,5,1,non_gusu,0,gusu,0.91612196,0.08387809,0.91612196,0.08387809,1,non_gusu_to_gusu
IMG-0891,images/non_gusu/鲁主任转__门神4.jpg,891,2,1,non_gusu,0,gusu,0.91587329,0.08412670,0.91587329,0.08412670,1,non_gusu_to_gusu
IMG-0789,images/non_gusu/非姑苏-未分类__微信图片_20260409094330.jpg,789,3,1,non_gusu,0,gusu,0.89912850,0.10087156,0.89912850,0.10087156,1,non_gusu_to_gusu
IMG-0389,images/gusu/私人藏家__GS0010-描金凤-私人藏家.jpg,389,5,0,gusu,1,non_gusu,0.12013876,0.87986130,0.87986130,0.12013876,1,gusu_to_non_gusu
IMG-0439,images/gusu/韩国古版画博物馆藏__3.寿字图.jpg,439,4,0,gusu,1,non_gusu,0.13260284,0.86739713,0.86739713,0.13260284,1,gusu_to_non_gusu
IMG-0241,images/gusu/私人藏家__微信图片_20260506165548.jpg,241,1,0,gusu,1,non_gusu,0.14429063,0.85570937,0.85570937,0.14429063,1,gusu_to_non_gusu
IMG-0496,images/non_gusu/上海胶印民国__微信图片_20260404214653.jpg,496,3,1,non_gusu,0,gusu,0.84676886,0.15323114,0.84676886,0.15323114,1,non_gusu_to_gusu
IMG-0305,images/gusu/姑苏-私人藏家__微信图片_20260404210321.jpg,305,1,0,gusu,1,non_gusu,0.17516406,0.82483596,0.82483596,0.17516406,1,gusu_to_non_gusu
IMG-0411,images/gusu/私人藏家__游园图.jpg,411,2,0,gusu,1,non_gusu,0.18734279,0.81265718,0.81265718,0.18734279,1,gusu_to_non_gusu
IMG-0776,images/non_gusu/非姑苏-未分类__微信图片_20260409093840.jpg,776,5,1,non_gusu,0,gusu,0.69372642,0.30627352,0.69372642,0.30627352,1,non_gusu_to_gusu
IMG-0639,images/non_gusu/杨柳青清末__微信图片_20260404220512.jpg,639,5,1,non_gusu,0,gusu,0.67849988,0.32150012,0.67849988,0.32150012,1,non_gusu_to_gusu
IMG-0840,images/non_gusu/非姑苏-统计表__DP-18167-001-ming.jpg,840,4,1,non_gusu,0,gusu,0.66100508,0.33899486,0.66100508,0.33899486,1,non_gusu_to_gusu
IMG-0201,images/gusu/MET__DP-41331-001-jiaqing.jpg,201,4,0,gusu,1,non_gusu,0.35151964,0.64848036,0.64848036,0.35151964,1,gusu_to_non_gusu
IMG-0371,images/gusu/姑苏-统计表__微信图片_20260409102514.jpg,371,5,0,gusu,1,non_gusu,0.39307523,0.60692477,0.60692477,0.39307523,1,gusu_to_non_gusu
IMG-0405,images/gusu/私人藏家__GS0027-杂技图-私人藏家.jpg,405,1,0,gusu,1,non_gusu,0.39443949,0.60556048,0.60556048,0.39443949,1,gusu_to_non_gusu
IMG-0832,images/non_gusu/非姑苏-未分类__微信图片_20260410100058.jpg,832,1,1,non_gusu,0,gusu,0.58336318,0.41663679,0.58336318,0.41663679,1,non_gusu_to_gusu
IMG-0691,images/non_gusu/杨柳青清末__微信图片_20260410094716.jpg,691,2,1,non_gusu,0,gusu,0.54111636,0.45888358,0.54111636,0.45888358,1,non_gusu_to_gusu
